tipo_contexto;id_sede;id_uo;departamento;puesto
SEDE_CENTRAL;1;;ASESORIA LEGAL;ASESOR LEGAL EXTERNO
UNIDAD_OPERATIVA;;1;;ATENCIÓN AL CLIENTE
SEDE_CENTRAL;2;;ASESORIA LEGAL;ASESOR LEGAL INTERNO
SEDE_CENTRAL;3;;ASESORIA LEGAL;ASISTENTE LEGAL
UNIDAD_OPERATIVA;;2;;CATASTRO COMERCIAL
SEDE_CENTRAL;4;;CONTABILIDAD;ASISTENTE CONTABLE 01
UNIDAD_OPERATIVA;;3;;RECAUDACION
SEDE_CENTRAL;5;;CONTABILIDAD;ASISTENTE CONTABLE 02
UNIDAD_OPERATIVA;;4;;INTERIORES
SEDE_CENTRAL;6;;CONTABILIDAD;ASISTENTE CONTABLE 03
UNIDAD_OPERATIVA;;5;;CUARTO DE BOMBAS
SEDE_CENTRAL;7;;CONTABILIDAD;JEFE DE CONTABILIDAD
UNIDAD_OPERATIVA;;6;;CUARTO DE BOMBAS
SEDE_CENTRAL;8;;DIRECTORIO;DIRECTORIO
UNIDAD_OPERATIVA;;7;;CUARTO DE CLORACION
SEDE_CENTRAL;9;;GAF;ASISTENTE GAF
UNIDAD_OPERATIVA;;8;;CUARTO DE DOSIFICACION
SEDE_CENTRAL;10;;GAF;GAF
UNIDAD_OPERATIVA;;9;;CUARTO DE MAQUINAS
SEDE_CENTRAL;11;;GERENCIA COMERCIAL;APOYO - VMA
UNIDAD_OPERATIVA;;10;;CUARTO DE MOTORES
SEDE_CENTRAL;12;;GERENCIA COMERCIAL;APOYO CATASTRO COMERCIAL
UNIDAD_OPERATIVA;;11;;EXTERIORES
SEDE_CENTRAL;13;;GERENCIA COMERCIAL;ASISTENTE DE GERENCIA COMERCIAL
UNIDAD_OPERATIVA;;12;;GUARDIANIA
SEDE_CENTRAL;14;;GERENCIA COMERCIAL;GERENTE COMERCIAL
UNIDAD_OPERATIVA;;13;;LABORATORIO
SEDE_CENTRAL;15;;GERENCIA COMERCIAL;JEFE DE AT. AL CLIENTE Y COBRANZA
UNIDAD_OPERATIVA;;14;;CUARTO DE VALVULAS
SEDE_CENTRAL;16;;GERENCIA COMERCIAL;JEFE DE FACTURACIÓN
UNIDAD_OPERATIVA;;15;;ALMACEN OPERACIONAL
SEDE_CENTRAL;17;;GERENCIA GENERAL;EXTERIORES
UNIDAD_OPERATIVA;;16;;ALMACEN UO
SEDE_CENTRAL;18;;GERENCIA GENERAL;GERENTE GENERAL
UNIDAD_OPERATIVA;;17;;EXTERIORES
SEDE_CENTRAL;19;;GERENCIA GENERAL;INTERIORES
UNIDAD_OPERATIVA;;18;;HANGAR VEHICULAR
SEDE_CENTRAL;20;;GERENCIA OPERACIONAL;APOYO G. OPERACIONAL
UNIDAD_OPERATIVA;;19;;JEFATURA UO
SEDE_CENTRAL;21;;GERENCIA OPERACIONAL;ASISTENTE G. OPERACIONAL
UNIDAD_OPERATIVA;;20;;SECRETARIA JEFE UO
SEDE_CENTRAL;22;;GERENCIA OPERACIONAL;GERENTE OPERACIONAL
UNIDAD_OPERATIVA;;21;;SERVIDOR UO
SEDE_CENTRAL;23;;GERENCIA OPERACIONAL;JEFE DE CATASTO TECNICO
UNIDAD_OPERATIVA;;22;;VESTIDOR OPERACIONAL
SEDE_CENTRAL;24;;GERENCIA OPERACIONAL;JEFE DE CONTROL DE CALIDAD
UNIDAD_OPERATIVA;;23;;RESERVORIO
SEDE_CENTRAL;25;;GERENCIA OPERACIONAL;JEFE DE GESTIÓN OPERACIONAL
SEDE_CENTRAL;26;;GERENCIA OPERACIONAL;JEFE DE INGENIERIA
SEDE_CENTRAL;27;;GERENCIA OPERACIONAL;JEFE DE MANTENIMIENTO
SEDE_CENTRAL;28;;GUARDIANIA;ENFERMERÍA
SEDE_CENTRAL;29;;GUARDIANIA;RECEPCIÓN
SEDE_CENTRAL;30;;IMAGEN INSTITUCIONAL;JEFE DE IMAGEN
SEDE_CENTRAL;31;;INFORMATICA;ASISTENTE INFORMATICA 01
SEDE_CENTRAL;32;;INFORMATICA;ASISTENTE INFORMATICA 02
SEDE_CENTRAL;33;;INFORMATICA;JEFE DE INFORMATICA
SEDE_CENTRAL;34;;INFORMATICA;SERVIDOR SEDE
SEDE_CENTRAL;35;;INFORMATICA;TALLER DE REPARACIÓN
SEDE_CENTRAL;36;;LOGISTICA;ALMACEN CENTRAL
SEDE_CENTRAL;37;;LOGISTICA;ASISTENTE DE LOGÍSTICA 01
SEDE_CENTRAL;38;;LOGISTICA;ASISTENTE DE LOGÍSTICA 02
SEDE_CENTRAL;39;;LOGISTICA;CONTROL PATRIMONIAL
SEDE_CENTRAL;40;;LOGISTICA;JEFE DE LOGISTICA
SEDE_CENTRAL;41;;OCI;OFICINA OCI 1
SEDE_CENTRAL;42;;OCI;OFICINA OCI 2
SEDE_CENTRAL;43;;OCI;OFICINA OCI 3
SEDE_CENTRAL;44;;OPDE;APOYO OPDE
SEDE_CENTRAL;45;;OPDE;GESTION PRESUPUESTAL
SEDE_CENTRAL;46;;OPDE;JEFE DE OPDE
SEDE_CENTRAL;47;;RRHH;ASISTENTE DE RRHH 1
SEDE_CENTRAL;48;;RRHH;ASISTENTE DE RRHH 2
SEDE_CENTRAL;54;;RRHH;JEFE DE RRHH
SEDE_CENTRAL;50;;SECRETARIA GENERAL;ASISTENTE SECRETARIA GENERAL
SEDE_CENTRAL;51;;SECRETARIA GENERAL;SECRETARIA DE GERENCIA GENERAL
SEDE_CENTRAL;52;;TESORERIA;ASISTENTE DE TESORERIA 1
SEDE_CENTRAL;53;;TESORERIA;ASISTENTE DE TESORERIA 2
SEDE_CENTRAL;54;;TESORERIA;JEFE DE TESORERIA
SEDE_CENTRAL;55;;OTROS;OTROS
UNIDAD_OPERATIVA;;24;OTROS;OTROS
